{
  "recall@1": 0.47,
  "recall@3": 0.65,
  "recall@5": 0.75,
  "recall@10": 0.83,
  "mrr": 0.587313492063492,
  "per_category": {
    "admissions": {
      "recall@1": 0.2,
      "recall@3": 0.4,
      "recall@5": 0.5,
      "recall@10": 0.7,
      "mrr": 0.3208333333333333
    },
    "program_structure": {
      "recall@1": 0.4166666666666667,
      "recall@3": 0.4166666666666667,
      "recall@5": 0.6666666666666666,
      "recall@10": 0.6666666666666666,
      "mrr": 0.4791666666666667
    },
    "specialization_requirements": {
      "recall@1": 0.5172413793103449,
      "recall@3": 0.8620689655172413,
      "recall@5": 0.9310344827586207,
      "recall@10": 1.0,
      "mrr": 0.7060755336617405
    },
    "exemptions": {
      "recall@1": 0.6153846153846154,
      "recall@3": 0.6923076923076923,
      "recall@5": 0.8461538461538461,
      "recall@10": 0.9230769230769231,
      "mrr": 0.6970085470085471
    },
    "course_planning": {
      "recall@1": 0.4166666666666667,
      "recall@3": 0.5833333333333334,
      "recall@5": 0.5833333333333334,
      "recall@10": 0.6666666666666666,
      "mrr": 0.5119047619047619
    },
    "remaining_obligations": {
      "recall@1": 0.6,
      "recall@3": 0.6,
      "recall@5": 0.8,
      "recall@10": 1.0,
      "mrr": 0.6759523809523811
    },
    "registration_rules": {
      "recall@1": 0.16666666666666666,
      "recall@3": 0.3333333333333333,
      "recall@5": 0.3333333333333333,
      "recall@10": 0.3333333333333333,
      "mrr": 0.2222222222222222
    },
    "accelerated_tracks": {
      "recall@1": 0.625,
      "recall@3": 0.875,
      "recall@5": 0.875,
      "recall@10": 0.875,
      "mrr": 0.75
    }
  }
}