{
  "recall@1": 0.0,
  "recall@5": 0.4,
  "recall@10": 0.6,
  "recall@15": 0.68,
  "recall@20": 0.73,
  "recall@25": 0.74,
  "recall@30": 0.75,
  "recall@35": 0.75,
  "recall@40": 0.77,
  "recall@45": 0.77,
  "recall@50": 0.77,
  "mrr": 0.16637836947240975,
  "per_category": {
    "admissions": {
      "recall@1": 0.0,
      "recall@5": 0.5,
      "recall@10": 0.8,
      "recall@15": 0.8,
      "recall@20": 0.8,
      "recall@25": 0.8,
      "recall@30": 0.8,
      "recall@35": 0.8,
      "recall@40": 0.8,
      "recall@45": 0.8,
      "recall@50": 0.8,
      "mrr": 0.21206349206349207
    },
    "program_structure": {
      "recall@1": 0.0,
      "recall@5": 0.3333333333333333,
      "recall@10": 0.5,
      "recall@15": 0.5833333333333334,
      "recall@20": 0.5833333333333334,
      "recall@25": 0.6666666666666666,
      "recall@30": 0.6666666666666666,
      "recall@35": 0.6666666666666666,
      "recall@40": 0.6666666666666666,
      "recall@45": 0.6666666666666666,
      "recall@50": 0.6666666666666666,
      "mrr": 0.14348544973544972
    },
    "specialization_requirements": {
      "recall@1": 0.0,
      "recall@5": 0.6551724137931034,
      "recall@10": 0.9655172413793104,
      "recall@15": 0.9655172413793104,
      "recall@20": 0.9655172413793104,
      "recall@25": 0.9655172413793104,
      "recall@30": 0.9655172413793104,
      "recall@35": 0.9655172413793104,
      "recall@40": 0.9655172413793104,
      "recall@45": 0.9655172413793104,
      "recall@50": 0.9655172413793104,
      "mrr": 0.23724685276409416
    },
    "exemptions": {
      "recall@1": 0.0,
      "recall@5": 0.15384615384615385,
      "recall@10": 0.3076923076923077,
      "recall@15": 0.7692307692307693,
      "recall@20": 1.0,
      "recall@25": 1.0,
      "recall@30": 1.0,
      "recall@35": 1.0,
      "recall@40": 1.0,
      "recall@45": 1.0,
      "recall@50": 1.0,
      "mrr": 0.1250989315915489
    },
    "course_planning": {
      "recall@1": 0.0,
      "recall@5": 0.08333333333333333,
      "recall@10": 0.08333333333333333,
      "recall@15": 0.08333333333333333,
      "recall@20": 0.08333333333333333,
      "recall@25": 0.08333333333333333,
      "recall@30": 0.16666666666666666,
      "recall@35": 0.16666666666666666,
      "recall@40": 0.25,
      "recall@45": 0.25,
      "recall@50": 0.25,
      "mrr": 0.026124338624338623
    },
    "remaining_obligations": {
      "recall@1": 0.0,
      "recall@5": 0.2,
      "recall@10": 0.4,
      "recall@15": 0.5,
      "recall@20": 0.6,
      "recall@25": 0.6,
      "recall@30": 0.6,
      "recall@35": 0.6,
      "recall@40": 0.7,
      "recall@45": 0.7,
      "recall@50": 0.7,
      "mrr": 0.09714714714714714
    },
    "registration_rules": {
      "recall@1": 0.0,
      "recall@5": 0.16666666666666666,
      "recall@10": 0.3333333333333333,
      "recall@15": 0.3333333333333333,
      "recall@20": 0.3333333333333333,
      "recall@25": 0.3333333333333333,
      "recall@30": 0.3333333333333333,
      "recall@35": 0.3333333333333333,
      "recall@40": 0.3333333333333333,
      "recall@45": 0.3333333333333333,
      "recall@50": 0.3333333333333333,
      "mrr": 0.05714285714285714
    },
    "accelerated_tracks": {
      "recall@1": 0.0,
      "recall@5": 0.75,
      "recall@10": 0.875,
      "recall@15": 0.875,
      "recall@20": 1.0,
      "recall@25": 1.0,
      "recall@30": 1.0,
      "recall@35": 1.0,
      "recall@40": 1.0,
      "recall@45": 1.0,
      "recall@50": 1.0,
      "mrr": 0.3326388888888889
    }
  }
}