{
  "recall@1": 0.0,
  "recall@5": 0.28,
  "recall@10": 0.48,
  "recall@15": 0.64,
  "recall@20": 0.74,
  "recall@25": 0.79,
  "recall@30": 0.79,
  "recall@35": 0.79,
  "recall@40": 0.79,
  "recall@45": 0.85,
  "recall@50": 0.87,
  "mrr": 0.14976350774192218,
  "per_category": {
    "admissions": {
      "recall@1": 0.0,
      "recall@5": 0.4,
      "recall@10": 0.7,
      "recall@15": 0.7,
      "recall@20": 0.7,
      "recall@25": 0.7,
      "recall@30": 0.7,
      "recall@35": 0.7,
      "recall@40": 0.7,
      "recall@45": 1.0,
      "recall@50": 1.0,
      "mrr": 0.2172646057855927
    },
    "program_structure": {
      "recall@1": 0.0,
      "recall@5": 0.4166666666666667,
      "recall@10": 0.5,
      "recall@15": 0.5,
      "recall@20": 0.6666666666666666,
      "recall@25": 0.75,
      "recall@30": 0.75,
      "recall@35": 0.75,
      "recall@40": 0.75,
      "recall@45": 0.75,
      "recall@50": 0.75,
      "mrr": 0.17352843915343916
    },
    "specialization_requirements": {
      "recall@1": 0.0,
      "recall@5": 0.1724137931034483,
      "recall@10": 0.41379310344827586,
      "recall@15": 0.7931034482758621,
      "recall@20": 0.896551724137931,
      "recall@25": 1.0,
      "recall@30": 1.0,
      "recall@35": 1.0,
      "recall@40": 1.0,
      "recall@45": 1.0,
      "recall@50": 1.0,
      "mrr": 0.13466077026421855
    },
    "exemptions": {
      "recall@1": 0.0,
      "recall@5": 0.15384615384615385,
      "recall@10": 0.46153846153846156,
      "recall@15": 0.7692307692307693,
      "recall@20": 0.8461538461538461,
      "recall@25": 0.8461538461538461,
      "recall@30": 0.8461538461538461,
      "recall@35": 0.8461538461538461,
      "recall@40": 0.8461538461538461,
      "recall@45": 0.8461538461538461,
      "recall@50": 0.9230769230769231,
      "mrr": 0.10406662051398893
    },
    "course_planning": {
      "recall@1": 0.0,
      "recall@5": 0.0,
      "recall@10": 0.16666666666666666,
      "recall@15": 0.25,
      "recall@20": 0.4166666666666667,
      "recall@25": 0.5,
      "recall@30": 0.5,
      "recall@35": 0.5,
      "recall@40": 0.5,
      "recall@45": 0.6666666666666666,
      "recall@50": 0.75,
      "mrr": 0.04657181147312727
    },
    "remaining_obligations": {
      "recall@1": 0.0,
      "recall@5": 0.3,
      "recall@10": 0.6,
      "recall@15": 0.6,
      "recall@20": 0.7,
      "recall@25": 0.7,
      "recall@30": 0.7,
      "recall@35": 0.7,
      "recall@40": 0.7,
      "recall@45": 0.8,
      "recall@50": 0.8,
      "mrr": 0.12655844155844154
    },
    "registration_rules": {
      "recall@1": 0.0,
      "recall@5": 0.3333333333333333,
      "recall@10": 0.3333333333333333,
      "recall@15": 0.3333333333333333,
      "recall@20": 0.3333333333333333,
      "recall@25": 0.3333333333333333,
      "recall@30": 0.3333333333333333,
      "recall@35": 0.3333333333333333,
      "recall@40": 0.3333333333333333,
      "recall@45": 0.3333333333333333,
      "recall@50": 0.3333333333333333,
      "mrr": 0.09722222222222221
    },
    "accelerated_tracks": {
      "recall@1": 0.0,
      "recall@5": 0.875,
      "recall@10": 0.875,
      "recall@15": 0.875,
      "recall@20": 1.0,
      "recall@25": 1.0,
      "recall@30": 1.0,
      "recall@35": 1.0,
      "recall@40": 1.0,
      "recall@45": 1.0,
      "recall@50": 1.0,
      "mrr": 0.3819444444444445
    }
  }
}