{
  "recall@1": 0.0,
  "recall@5": 0.56,
  "recall@10": 0.74,
  "recall@15": 0.78,
  "recall@20": 0.82,
  "recall@25": 0.84,
  "recall@30": 0.84,
  "recall@35": 0.87,
  "recall@40": 0.89,
  "recall@45": 0.89,
  "recall@50": 0.9,
  "mrr": 0.24712421459689257,
  "per_category": {
    "admissions": {
      "recall@1": 0.0,
      "recall@5": 0.3,
      "recall@10": 0.5,
      "recall@15": 0.6,
      "recall@20": 0.7,
      "recall@25": 0.7,
      "recall@30": 0.7,
      "recall@35": 0.8,
      "recall@40": 1.0,
      "recall@45": 1.0,
      "recall@50": 1.0,
      "mrr": 0.16435633295153415
    },
    "program_structure": {
      "recall@1": 0.0,
      "recall@5": 0.5,
      "recall@10": 0.6666666666666666,
      "recall@15": 0.6666666666666666,
      "recall@20": 0.6666666666666666,
      "recall@25": 0.6666666666666666,
      "recall@30": 0.6666666666666666,
      "recall@35": 0.75,
      "recall@40": 0.75,
      "recall@45": 0.75,
      "recall@50": 0.75,
      "mrr": 0.19868927368927367
    },
    "specialization_requirements": {
      "recall@1": 0.0,
      "recall@5": 0.8620689655172413,
      "recall@10": 1.0,
      "recall@15": 1.0,
      "recall@20": 1.0,
      "recall@25": 1.0,
      "recall@30": 1.0,
      "recall@35": 1.0,
      "recall@40": 1.0,
      "recall@45": 1.0,
      "recall@50": 1.0,
      "mrr": 0.3860016420361248
    },
    "exemptions": {
      "recall@1": 0.0,
      "recall@5": 0.46153846153846156,
      "recall@10": 0.6923076923076923,
      "recall@15": 0.8461538461538461,
      "recall@20": 1.0,
      "recall@25": 1.0,
      "recall@30": 1.0,
      "recall@35": 1.0,
      "recall@40": 1.0,
      "recall@45": 1.0,
      "recall@50": 1.0,
      "mrr": 0.17006173650910497
    },
    "course_planning": {
      "recall@1": 0.0,
      "recall@5": 0.16666666666666666,
      "recall@10": 0.5,
      "recall@15": 0.5,
      "recall@20": 0.5,
      "recall@25": 0.6666666666666666,
      "recall@30": 0.6666666666666666,
      "recall@35": 0.6666666666666666,
      "recall@40": 0.6666666666666666,
      "recall@45": 0.6666666666666666,
      "recall@50": 0.75,
      "mrr": 0.09936658249158249
    },
    "remaining_obligations": {
      "recall@1": 0.0,
      "recall@5": 0.5,
      "recall@10": 0.8,
      "recall@15": 0.8,
      "recall@20": 0.9,
      "recall@25": 0.9,
      "recall@30": 0.9,
      "recall@35": 1.0,
      "recall@40": 1.0,
      "recall@45": 1.0,
      "recall@50": 1.0,
      "mrr": 0.2246428571428571
    },
    "registration_rules": {
      "recall@1": 0.0,
      "recall@5": 0.16666666666666666,
      "recall@10": 0.16666666666666666,
      "recall@15": 0.3333333333333333,
      "recall@20": 0.3333333333333333,
      "recall@25": 0.3333333333333333,
      "recall@30": 0.3333333333333333,
      "recall@35": 0.3333333333333333,
      "recall@40": 0.3333333333333333,
      "recall@45": 0.3333333333333333,
      "recall@50": 0.3333333333333333,
      "mrr": 0.0707070707070707
    },
    "accelerated_tracks": {
      "recall@1": 0.0,
      "recall@5": 1.0,
      "recall@10": 1.0,
      "recall@15": 1.0,
      "recall@20": 1.0,
      "recall@25": 1.0,
      "recall@30": 1.0,
      "recall@35": 1.0,
      "recall@40": 1.0,
      "recall@45": 1.0,
      "recall@50": 1.0,
      "mrr": 0.42708333333333337
    }
  }
}